{
  "IcoMoonType": "selection",
  "icons": [
    {
      "icon": {
        "paths": [
          "M950.857 340.571q0-46.286-12.286-81.714t-31.429-56.286-46.571-34-53.714-17.714-56-4.571-64 14.571-63.143 36.571-49.429 41.143-34.286 35.143q-10.286 12.571-28 12.571t-28-12.571q-13.714-16-34.286-35.143t-49.429-41.143-63.143-36.571-64-14.571-56 4.571-53.714 17.714-46.571 34-31.429 56.286-12.286 81.714q0 96 106.857 202.857l332 320 331.429-319.429q107.429-107.429 107.429-203.429zM1024 340.571q0 126.286-130.857 257.143l-356 342.857q-10.286 10.286-25.143 10.286t-25.143-10.286l-356.571-344q-5.714-4.571-15.714-14.857t-31.714-37.429-38.857-55.714-30.571-69.143-13.429-78.857q0-125.714 72.571-196.571t200.571-70.857q35.429 0 72.286 12.286t68.571 33.143 54.571 39.143 43.429 38.857q20.571-20.571 43.429-38.857t54.571-39.143 68.571-33.143 72.286-12.286q128 0 200.571 70.857t72.571 196.571z"
        ],
        "width": 1024.0010013580322,
        "attrs": [],
        "isMulticolor": false,
        "isMulticolor2": false,
        "tags": [
          "heart-o"
        ],
        "defaultCode": 61578,
        "grid": 14
      },
      "attrs": [],
      "properties": {
        "name": "heart-o",
        "id": 130,
        "order": 9,
        "prevSize": 32,
        "code": 61578
      },
      "setIdx": 0,
      "setId": 5,
      "iconIdx": 130
    },
    {
      "icon": {
        "paths": [
          "M950.857 365.714q0-45.714-32-77.714t-77.714-32h-36.571v219.429h36.571q45.714 0 77.714-32t32-77.714zM0 804.571h1024q0 60.571-42.857 103.429t-103.429 42.857h-731.429q-60.571 0-103.429-42.857t-42.857-103.429zM1060.571 365.714q0 90.857-64.286 155.143t-155.143 64.286h-36.571v18.286q0 52.571-37.714 90.286t-90.286 37.714h-402.286q-52.571 0-90.286-37.714t-37.714-90.286v-420.571q0-14.857 10.857-25.714t25.714-10.857h658.286q90.857 0 155.143 64.286t64.286 155.143z"
        ],
        "width": 1060.5690612792969,
        "attrs": [],
        "isMulticolor": false,
        "isMulticolor2": false,
        "tags": [
          "coffee"
        ],
        "defaultCode": 61684,
        "grid": 14
      },
      "attrs": [],
      "properties": {
        "name": "coffee",
        "id": 217,
        "order": 7,
        "prevSize": 32,
        "code": 61684
      },
      "setIdx": 0,
      "setId": 5,
      "iconIdx": 217
    },
    {
      "icon": {
        "paths": [
          "M1008 6.286q18.857 13.714 15.429 36.571l-146.286 877.714q-2.857 16.571-18.286 25.714-8 4.571-17.714 4.571-6.286 0-13.714-2.857l-301.143-122.857-170.286 186.857q-10.286 12-26.857 12-8 0-13.143-2.286-10.857-4-17.143-13.429t-6.286-20.857v-258.286l-269.714-110.286q-21.143-8-22.857-31.429-1.714-22.286 18.286-33.714l950.857-548.571q20-12 38.857 1.143zM812.571 862.857l126.286-756-819.429 472.571 192 78.286 493.143-365.143-273.143 455.429z"
        ],
        "width": 1025.143033504486,
        "attrs": [],
        "isMulticolor": false,
        "isMulticolor2": false,
        "tags": [
          "paper-plane-o",
          "send-o"
        ],
        "defaultCode": 61913,
        "grid": 14
      },
      "attrs": [],
      "properties": {
        "name": "paper-plane-o, send-o",
        "id": 430,
        "order": 5,
        "prevSize": 32,
        "code": 61913
      },
      "setIdx": 0,
      "setId": 5,
      "iconIdx": 430
    },
    {
      "icon": {
        "paths": [
          "M121.143 438.857l356 380-171.429-380h-184.571zM585.143 880l199.429-441.143h-398.857zM307.429 365.714l116.571-219.429h-149.714l-164.571 219.429h197.714zM693.143 818.857l356-380h-184.571zM390.286 365.714h389.714l-116.571-219.429h-156.571zM862.857 365.714h197.714l-164.571-219.429h-149.714zM943.429 88l219.429 292.571q8 10.286 7.429 23.714t-9.714 23.143l-548.571 585.143q-10.286 11.429-26.857 11.429t-26.857-11.429l-548.571-585.143q-9.143-9.714-9.714-23.143t7.429-23.714l219.429-292.571q10.286-14.857 29.143-14.857h658.286q18.857 0 29.143 14.857z"
        ],
        "width": 1170.2901077270508,
        "attrs": [],
        "isMulticolor": false,
        "isMulticolor2": false,
        "tags": [
          "diamond"
        ],
        "defaultCode": 61977,
        "grid": 14
      },
      "attrs": [],
      "properties": {
        "name": "diamond",
        "id": 490,
        "order": 6,
        "prevSize": 32,
        "code": 61977
      },
      "setIdx": 0,
      "setId": 5,
      "iconIdx": 490
    },
    {
      "icon": {
        "paths": [
          "M736 369.714q34.286 0 61.143 13.143 80.571 36 80.571 129.143v101.143q0 53.714-13.143 106.286l-48.571 193.714q-12 49.143-51.714 80t-90 30.857h-381.714q-60.571 0-103.429-42.857t-42.857-103.429v-229.143l-136.571-358.857q-9.714-25.714-9.714-52 0-60.571 42.857-103.429t103.429-42.857q45.714 0 83.143 26t53.429 68.286l9.714 25.143v-64.571q0-60.571 42.857-103.429t103.429-42.857 103.429 42.857 42.857 103.429v149.143q15.429-2.857 27.429-2.857 39.429 0 72.857 20.857t50.571 56.286zM612.571 365.714q-18.857 0-34.571 10.286t-23.714 27.429l-42.286 93.143-40.571 88.571h31.429q28.571 0 51.429 18t28.571 46l88-193.143q5.714-11.429 5.714-26.286 0-26.286-18.857-45.143t-45.143-18.857zM738.857 442.857q-12.571 0-23.143 4.571t-16.571 9.143-13.429 16.857-9.714 17.429-9.714 21.143l-75.429 165.714q-5.714 11.429-5.714 26.286 0 26.286 18.857 45.143t45.143 18.857q18.857 0 34.571-10.286t23.714-27.429l91.429-201.143q5.143-10.286 5.143-21.714 0-28.571-18.286-46.571t-46.857-18zM73.143 237.714q0 12.571 4.571 26.286l141.714 371.429v39.429l58.286-63.429q24.571-26.286 60.571-26.286h113.143l60.571-133.143v-305.714q0-30.286-21.429-51.714t-51.714-21.429-51.714 21.429-21.429 51.714v365.714h-36.571l-114.286-300.571q-8-21.143-26.857-34t-41.714-12.857q-30.286 0-51.714 21.429t-21.429 51.714zM674.286 950.857q25.143 0 44.857-15.429t26-40l48.571-193.714q10.857-41.714 10.857-88.571v-52l-80.571 177.143q-9.714 21.714-30.286 34.857t-44.571 13.143q-30.286 0-53.429-19.714t-27.714-49.429q-25.143 32.571-65.143 32.571h-118.857v-18.286h118.857q26.286 0 46.286-18.857t20-45.143-17.714-45.143-44-18.857h-169.143q-28 0-46.857 20.571l-72 77.714v176q0 30.286 21.429 51.714t51.714 21.429h381.714z"
        ],
        "width": 877.7150058746338,
        "attrs": [],
        "isMulticolor": false,
        "isMulticolor2": false,
        "tags": [
          "hand-peace-o"
        ],
        "defaultCode": 62043,
        "grid": 14
      },
      "attrs": [],
      "properties": {
        "name": "hand-peace-o",
        "id": 550,
        "order": 8,
        "prevSize": 32,
        "code": 62043
      },
      "setIdx": 0,
      "setId": 5,
      "iconIdx": 550
    }
  ],
  "height": 1024,
  "metadata": {
    "name": "icomoon"
  },
  "preferences": {
    "showGlyphs": true,
    "showQuickUse": true,
    "showQuickUse2": true,
    "showSVGs": true,
    "fontPref": {
      "prefix": "icon-",
      "metadata": {
        "fontFamily": "icomoon",
        "majorVersion": 1,
        "minorVersion": 0
      },
      "metrics": {
        "emSize": 1024,
        "baseline": 6.25,
        "whitespace": 50
      },
      "embed": false
    },
    "imagePref": {
      "prefix": "icon-",
      "png": true,
      "useClassSelector": true,
      "color": 0,
      "bgColor": 16777215,
      "classSelector": ".icon"
    },
    "historySize": 100,
    "showCodes": true,
    "gridSize": 16
  }
}